artist_names,track_name,peak_rank,weeks_on_chart,danceability,energy,key,loudness,mode,speechiness,acousticness,instrumentalness,liveness,tempo,duration_ms
Glass Animals,Heat Waves,1,65,0.761,0.525,11,-6.9,1,0.0944,0.44,6.7e-06,0.0921,80.87,238805
Kendrick Lamar,HUMBLE.,1,96,0.908,0.621,1,-6.638,0,0.102,0.000282,5.39e-05,0.0958,150.011,177000
"The Weeknd, Daft Punk",Starboy,1,97,0.679,0.587,7,-7.015,1,0.276,0.141,6.35e-06,0.137,186.003,230453
The Weeknd,Call Out My Name,1,42,0.461,0.593,1,-4.954,1,0.0356,0.17,0.0,0.307,134.17,228373
Joji,Glimpse of Us,1,9,0.44,0.317,8,-9.258,1,0.0531,0.891,4.78e-06,0.141,169.914,233456
Olivia Rodrigo,drivers license,1,63,0.561,0.431,10,-8.81,1,0.0578,0.768,1.42e-05,0.106,143.875,242013
Kate Bush,Running Up That Hill (A Deal With God),1,11,0.629,0.547,10,-13.123,0,0.055,0.72,0.00314,0.0604,108.375,298933
"Bad Bunny, Jhay Cortez",DÁKITI,1,73,0.731,0.573,4,-10.059,0,0.0544,0.401,5.22e-05,0.113,109.928,205090
Harry Styles,As It Was,1,19,0.52,0.731,6,-5.338,0,0.0557,0.342,0.00101,0.311,173.93,167303
The Weeknd,Blinding Lights,1,121,0.514,0.73,1,-5.934,1,0.0598,0.00146,9.54e-05,0.0897,171.005,200040
"Bizarrap, Quevedo","Quevedo: Bzrp Music Sessions, Vol. 52",1,5,0.621,0.782,2,-5.548,1,0.044,0.0125,0.033,0.23,128.033,198938
Måneskin,Beggin',1,42,0.714,0.8,11,-4.808,0,0.0504,0.127,0.0,0.359,134.002,211560
Ariana Grande,positions,1,74,0.737,0.802,0,-4.771,1,0.0878,0.468,0.0,0.0931,144.015,172325
Tones And I,Dance Monkey,1,140,0.824,0.587,6,-6.401,0,0.0937,0.69,0.000105,0.149,98.029,209438
Post Malone,Circles,1,134,0.695,0.762,0,-3.497,1,0.0395,0.192,0.00244,0.0863,120.042,215280
Taylor Swift,All Too Well (10 Minute Version) (Taylor's Version) (From The Vault),1,19,0.631,0.518,0,-8.771,1,0.0303,0.274,0.0,0.088,93.023,613027
"24kGoldn, iann dior",Mood (feat. iann dior),1,85,0.701,0.716,7,-3.671,0,0.0361,0.174,0.0,0.324,91.007,140533
Ed Sheeran,Shape of You,1,269,0.825,0.652,1,-3.183,0,0.0802,0.581,0.0,0.0931,95.977,233713
"Justin Bieber, Daniel Caesar, Giveon",Peaches (feat. Daniel Caesar & Giveon),1,53,0.677,0.696,0,-6.181,1,0.119,0.321,0.0,0.42,90.03,198082
"Shawn Mendes, Camila Cabello",Señorita,1,138,0.759,0.548,9,-6.049,0,0.029,0.0392,0.0,0.0828,116.967,190800
Olivia Rodrigo,good 4 u,1,45,0.563,0.664,9,-5.044,1,0.154,0.335,0.0,0.0849,166.928,178147
Lil Nas X,MONTERO (Call Me By Your Name),1,52,0.593,0.503,8,-6.725,0,0.22,0.293,0.0,0.405,178.781,137704
"Post Malone, Swae Lee",Sunflower - Spider-Man: Into the Spider-Verse,1,179,0.755,0.522,2,-4.368,1,0.0575,0.533,0.0,0.0685,89.96,157560
"The Kid LAROI, Justin Bieber",STAY (with Justin Bieber),1,37,0.591,0.764,1,-5.484,1,0.0483,0.0383,0.0,0.103,169.928,141806
Adele,Easy On Me,1,23,0.604,0.366,5,-7.519,1,0.0282,0.578,0.0,0.133,141.981,224695
GAYLE,abcdefu,1,19,0.695,0.54,4,-5.692,1,0.0493,0.299,0.0,0.367,121.932,168602
Harry Styles,Late Night Talking,2,12,0.714,0.728,10,-4.595,1,0.0468,0.298,0.0,0.106,114.996,177955
The Weeknd,Save Your Tears,2,68,0.68,0.826,0,-5.487,1,0.0309,0.0212,1.24e-05,0.543,118.051,215627
"Bad Bunny, Chencho Corleone",Me Porto Bonito,2,14,0.911,0.712,1,-5.105,0,0.0817,0.0901,2.68e-05,0.0933,92.005,178567
"Calvin Harris, Dua Lipa",One Kiss (with Dua Lipa),2,83,0.791,0.862,9,-3.24,0,0.11,0.037,2.19e-05,0.0814,123.994,214847
Jack Harlow,First Class,2,18,0.902,0.582,5,-5.902,0,0.109,0.111,3.18e-06,0.111,107.005,173948
"The Chainsmokers, Coldplay",Something Just Like This,2,172,0.617,0.635,11,-6.769,0,0.0317,0.0498,1.44e-05,0.164,103.019,247160
"Lil Nas X, Jack Harlow",INDUSTRY BABY (feat. Jack Harlow),2,35,0.741,0.691,10,-7.395,0,0.0672,0.0221,0.0,0.0476,150.087,212353
BTS,Butter,2,44,0.759,0.459,8,-5.187,1,0.0948,0.00323,0.0,0.0906,109.997,164442
Maroon 5,Memories,2,116,0.775,0.327,11,-7.241,1,0.0557,0.841,0.0,0.0821,91.05,189486
"The Chainsmokers, Halsey",Closer,2,179,0.748,0.524,8,-5.599,1,0.0338,0.414,0.0,0.111,95.01,244960
Dua Lipa,Don't Start Now,2,125,0.793,0.793,11,-4.521,0,0.083,0.0123,0.0,0.0951,123.95,183290
Rauw Alejandro,Todo De Ti,2,44,0.78,0.719,3,-3.613,0,0.0506,0.302,0.000196,0.0931,127.962,199604
BTS,Dynamite,2,83,0.746,0.765,6,-4.41,0,0.0993,0.0112,0.0,0.0936,114.044,199054
Bad Bunny,Moscow Mule,2,14,0.804,0.674,5,-5.453,0,0.0333,0.294,1.18e-06,0.115,99.968,245940
"Imagine Dragons, JID, Arcane, League of Legends",Enemy (with JID) - from the series Arcane League of Legends,3,21,0.728,0.783,11,-4.424,0,0.266,0.237,0.0,0.434,77.011,173381
"BTS, Halsey",Boy With Luv (feat. Halsey),3,46,0.645,0.862,11,-4.761,0,0.0845,0.0933,0.0,0.193,119.947,229773
Anitta,Envolver,3,3,0.812,0.736,4,-5.421,0,0.0833,0.152,0.00254,0.0914,91.993,193806
The Weeknd,Sacrifice,3,11,0.735,0.795,11,-6.523,0,0.113,0.0296,3.18e-05,0.0678,122.0,188918
Olivia Rodrigo,deja vu,3,51,0.442,0.612,2,-7.222,1,0.112,0.584,5.7e-06,0.37,180.917,215507
"Drake, Travis Scott",Fair Trade (with Travis Scott),3,19,0.666,0.465,1,-8.545,1,0.26,0.0503,0.0,0.215,167.937,291175
Adele,Oh My God,3,18,0.534,0.725,1,-3.906,1,0.046,0.091,0.0,0.0264,88.098,225149
Polo G,RAPSTAR,3,40,0.789,0.536,6,-6.862,1,0.242,0.41,0.0,0.129,81.039,165926
"Bad Bunny, Bomba Estéreo",Ojitos Lindos,3,14,0.647,0.686,3,-5.745,0,0.0413,0.08,1.34e-06,0.528,79.928,258299
Juice WRLD,Lucid Dreams,3,194,0.511,0.566,6,-7.23,0,0.2,0.349,0.0,0.34,83.903,239836
Kendrick Lamar,N95,3,3,0.79,0.67,1,-5.527,1,0.105,0.377,2.32e-06,0.119,139.956,195950
"Doja Cat, SZA",Kiss Me More (feat. SZA),3,50,0.764,0.705,8,-3.463,1,0.0284,0.259,8.92e-05,0.12,110.97,208667
"Lady Gaga, Bradley Cooper",Shallow,3,171,0.572,0.385,7,-6.362,1,0.0308,0.371,0.0,0.231,95.799,215733
"Coldplay, BTS",My Universe,3,26,0.573,0.711,1,-6.268,0,0.0406,0.0114,0.0,0.328,105.006,226198
Ed Sheeran,Bad Habits,3,39,0.807,0.893,11,-3.745,0,0.0347,0.0451,2.79e-05,0.366,126.011,230747
Masked Wolf,Astronaut In The Ocean,3,53,0.778,0.695,4,-6.865,0,0.0913,0.175,0.0,0.15,149.996,132780
Lil Nas X,THATS WHAT I WANT,3,27,0.737,0.846,1,-4.51,0,0.22,0.00614,0.0,0.0486,87.981,143901
Bad Bunny,Yonaguni,3,42,0.644,0.648,1,-4.601,1,0.118,0.276,0.0,0.135,179.951,206710
"Eminem, Juice WRLD",Godzilla (feat. Juice WRLD),4,76,0.808,0.745,10,-5.26,0,0.342,0.145,0.0,0.292,165.995,210800
Ed Sheeran,Perfect,4,262,0.599,0.448,8,-6.312,1,0.0232,0.163,0.0,0.106,95.05,263400
Ed Sheeran,Shivers,4,28,0.788,0.859,2,-2.724,1,0.0856,0.281,0.0,0.0424,141.02,207853
Harry Styles,Watermelon Sugar,4,123,0.548,0.816,0,-4.209,1,0.0465,0.122,0.0,0.335,95.39,174000
Bad Bunny,Tití Me Preguntó,4,14,0.65,0.715,5,-5.198,0,0.253,0.0993,0.000291,0.126,106.672,243717
Farruko,Pepas,4,37,0.762,0.766,7,-3.955,1,0.0343,0.00776,6.98e-05,0.128,130.001,287120
"Elton John, Dua Lipa, PNAU",Cold Heart - PNAU Remix,4,32,0.795,0.8,1,-6.32,1,0.0309,0.0354,7.25e-05,0.0915,116.032,202735
Lewis Capaldi,Someone You Loved,4,168,0.501,0.405,1,-5.679,1,0.0319,0.751,0.0,0.105,109.891,182161
"Dua Lipa, DaBaby",Levitating (feat. DaBaby),4,77,0.702,0.825,6,-3.787,0,0.0601,0.00883,0.0,0.0674,102.977,203064
"Becky G, KAROL G",MAMIII,5,6,0.843,0.7,4,-3.563,0,0.0803,0.0934,0.0,0.14,93.991,226088
"Drake, Future, Young Thug",Way 2 Sexy (with Future & Young Thug),5,20,0.803,0.597,11,-6.035,0,0.141,0.000619,4.5e-06,0.323,136.008,257605
Shawn Mendes,There's Nothing Holdin' Me Back,5,72,0.866,0.813,11,-4.063,0,0.0554,0.38,0.0,0.0779,121.998,199440
BTS,Permission to Dance,5,26,0.702,0.741,9,-5.33,1,0.0427,0.00544,0.0,0.337,124.925,187585
LISA,MONEY,5,28,0.831,0.554,1,-9.998,0,0.218,0.161,6.12e-05,0.152,140.026,168228
"The Weeknd, Ariana Grande",Save Your Tears (Remix) (with Ariana Grande) - Bonus Track,5,48,0.65,0.825,0,-4.645,1,0.0325,0.0215,2.44e-05,0.0936,118.091,191014
"The Weeknd, Ariana Grande",Save Your Tears (with Ariana Grande) (Remix),5,39,0.65,0.825,0,-4.645,1,0.0325,0.0215,2.44e-05,0.0936,118.091,191014
"Bruno Mars, Anderson .Paak, Silk Sonic",Leave The Door Open,5,55,0.586,0.616,5,-7.964,1,0.0324,0.182,0.0,0.0927,148.088,242096
Harry Styles,Matilda,5,12,0.507,0.294,2,-10.0,1,0.04,0.896,1.97e-05,0.0966,114.199,245964
Harry Styles,Music For a Sushi Restaurant,6,12,0.72,0.715,11,-4.652,1,0.04,0.258,0.0568,0.107,107.041,193813
Doja Cat,Need to Know,6,41,0.664,0.609,1,-6.509,1,0.0707,0.304,0.0,0.0926,130.041,210560
KAROL G,PROVENZA,6,16,0.87,0.516,1,-8.006,1,0.0541,0.656,0.00823,0.11,111.005,210200
Billie Eilish,Happier Than Ever,6,34,0.332,0.225,0,-8.697,1,0.0348,0.767,0.00349,0.128,81.055,298899
Doja Cat,Woman,6,37,0.824,0.764,5,-4.175,0,0.0854,0.0888,0.00294,0.117,107.998,172627
Harry Styles,Adore You,6,104,0.676,0.771,8,-3.675,1,0.0483,0.0237,7e-06,0.102,99.048,207133
ROSALÍA,DESPECHÁ,6,2,0.919,0.623,7,-6.521,1,0.0992,0.184,1.63e-05,0.0609,130.037,157018
"Bad Bunny, Rauw Alejandro",Party,6,14,0.829,0.799,9,-5.389,1,0.0897,0.0151,0.000543,0.242,97.013,227629
Bad Bunny,Después de la Playa,7,14,0.564,0.903,5,-3.221,1,0.307,0.356,0.0,0.175,78.293,230400
James Arthur,Say You Won't Let Go,7,268,0.358,0.557,10,-7.398,1,0.059,0.695,0.0,0.0902,85.043,211467
The Weeknd,Take My Breath - Single Version,7,21,0.747,0.739,8,-6.008,1,0.0487,0.0106,2.22e-05,0.101,120.996,220196
BTS,Yet To Come,7,8,0.559,0.885,1,-4.515,1,0.189,0.0432,0.0,0.333,172.029,193594
Bad Bunny,Efecto,7,14,0.801,0.475,7,-8.797,0,0.0516,0.141,1.73e-05,0.0639,98.047,213061
"Drake, 21 Savage",Jimmy Cooks (feat. 21 Savage),7,8,0.529,0.673,0,-4.711,1,0.175,0.000307,2.41e-06,0.093,165.921,218365
"Swedish House Mafia, The Weeknd",Moth To A Flame (with The Weeknd),7,22,0.542,0.659,8,-7.289,1,0.0389,0.00279,0.0,0.105,120.122,234000
"Bad Bunny, Tainy",Callaita,7,67,0.608,0.626,2,-4.773,1,0.301,0.597,2.16e-06,0.25,176.086,250534
"Charlie Puth, Jung Kook, BTS",Left and Right (Feat. Jung Kook of BTS),7,7,0.881,0.592,2,-4.898,1,0.0324,0.619,1.32e-05,0.0901,101.058,154487
XXXTENTACION,Jocelyn Flores,7,216,0.872,0.391,0,-9.144,0,0.242,0.469,4.13e-06,0.297,134.021,119133
Olivia Rodrigo,traitor,7,44,0.38,0.339,3,-7.885,1,0.0338,0.691,0.0,0.12,100.607,229227
"Bruno Mars, Anderson .Paak, Silk Sonic",Smokin Out The Window,8,11,0.627,0.618,2,-8.529,1,0.0437,0.0558,0.0,0.351,82.03,197443
"Rauw Alejandro, Chencho Corleone",Desesperados,8,15,0.869,0.694,1,-3.35,0,0.0783,0.356,0.00125,0.0878,90.02,224997
Harry Styles,Little Freak,8,2,0.559,0.535,3,-7.723,1,0.039,0.719,0.000143,0.0954,141.96,202183
Giveon,Heartbreak Anniversary,8,47,0.449,0.465,0,-8.964,1,0.0791,0.524,1.02e-06,0.303,89.087,198371
"Carolina Gaitán - La Gaita, Mauro Castillo, Adassa, Rhenzy Feliz, Diane Guerrero, Stephanie Beatriz, Encanto - Cast",We Don't Talk About Bruno,8,13,0.577,0.45,0,-8.516,0,0.0834,0.357,0.0,0.111,205.863,216120
Måneskin,I WANNA BE YOUR SLAVE,8,35,0.75,0.608,1,-4.008,1,0.0387,0.00165,0.0,0.178,132.507,173347
"Kendrick Lamar, Blxst, Amanda Reifer",Die Hard,8,3,0.775,0.736,1,-8.072,0,0.247,0.319,0.00116,0.127,100.988,239027
"Mahmood, BLANCO",Brividi,9,2,0.523,0.614,7,-4.435,1,0.0347,0.448,0.0,0.254,122.962,199146
Tiësto,The Business,9,64,0.798,0.62,8,-7.079,0,0.232,0.414,0.0192,0.112,120.031,164000
"Post Malone, The Weeknd",One Right Now (with The Weeknd),9,20,0.687,0.781,1,-4.806,1,0.053,0.0361,0.0,0.0755,97.014,193507
"J Balvin, Maria Becerra",Qué Más Pues?,9,34,0.903,0.817,8,-3.972,1,0.095,0.0272,0.000311,0.242,102.014,217360
"ACRAZE, Cherish",Do It To It,9,21,0.854,0.806,11,-8.262,0,0.0886,0.0209,0.0542,0.0703,124.927,157890
Doja Cat,Streets,9,45,0.749,0.463,11,-8.433,1,0.0842,0.21,0.0382,0.338,90.035,226987
Lizzo,About Damn Time,9,15,0.836,0.743,10,-6.305,0,0.0653,0.0974,0.0,0.335,108.965,191938
"Bad Bunny, Jhay Cortez",Tarot,9,14,0.795,0.684,11,-3.971,0,0.0419,0.0225,0.0,0.658,114.011,237895
CKay,love nwantiti (ah ah ah),9,28,0.727,0.739,8,-3.805,1,0.0411,0.365,0.00137,0.161,93.005,145800
Harry Styles,Daylight,10,2,0.686,0.445,0,-7.189,1,0.0398,0.484,0.00144,0.175,145.5,164533
"Future, Drake, Tems",WAIT FOR U (feat. Drake & Tems),10,15,0.463,0.642,1,-4.474,1,0.34,0.314,0.0,0.0686,83.389,189893
Jung Kook,Stay Alive (Prod. SUGA of BTS),10,1,0.512,0.76,2,-5.889,0,0.0682,0.299,0.0,0.103,130.096,210928
Drake,Falling Back,10,1,0.718,0.758,10,-8.29,1,0.0703,0.238,0.00653,0.11,118.989,266179
Steve Lacy,Bad Habit,10,5,0.686,0.494,1,-7.093,1,0.0355,0.613,5.8e-05,0.402,168.946,232067
Bad Bunny,Un Ratito,10,14,0.787,0.546,0,-7.094,0,0.0532,0.305,4.55e-05,0.122,93.05,176936
The Weeknd,Out of Time,10,2,0.65,0.76,0,-4.422,0,0.0446,0.255,0.0,0.339,93.057,214194
"Aventura, Bad Bunny",Volví,10,34,0.725,0.86,1,-3.726,1,0.182,0.422,0.000284,0.0674,175.896,230125
"Post Malone, Doja Cat",I Like You (A Happier Song) (with Doja Cat),10,10,0.733,0.67,5,-6.009,1,0.0751,0.121,0.0,0.121,100.964,192841
"Drake, 21 Savage, Project Pat",Knife Talk (with 21 Savage ft. Project Pat),10,29,0.849,0.424,5,-9.579,0,0.324,0.0635,0.0,0.0834,145.887,242966
Queen,Bohemian Rhapsody - Remastered 2011,11,182,0.414,0.404,0,-9.928,0,0.0499,0.271,0.0,0.3,71.105,354320
Olivia Rodrigo,favorite crime,11,31,0.369,0.272,9,-10.497,1,0.0364,0.866,0.0,0.147,172.929,152667
Jaymes Young,Infinity,11,21,0.671,0.673,11,-6.941,0,0.0444,0.148,5.29e-05,0.304,121.963,237720
Dove Cameron,Boyfriend,11,6,0.345,0.612,7,-6.543,0,0.0608,0.232,0.0,0.194,179.773,153000
BTS,Run BTS,11,1,0.724,0.818,8,-3.747,1,0.168,0.0201,0.0,0.0358,77.004,204940
Kendrick Lamar,United In Grief,11,3,0.529,0.845,8,-8.142,1,0.404,0.244,0.0,0.143,85.63,255378
Harry Styles,Grapejuice,11,2,0.645,0.721,5,-4.394,1,0.0336,0.357,0.143,0.204,182.928,191959
Justin Bieber,Ghost,11,27,0.601,0.741,2,-5.569,1,0.0478,0.185,2.91e-05,0.415,153.96,153190
Bad Bunny,Yo No Soy Celoso,11,14,0.872,0.588,0,-6.276,1,0.0492,0.275,0.0,0.17,142.004,230704
The Weeknd,Is There Someone Else?,11,2,0.702,0.586,9,-7.83,0,0.0313,0.0388,7.27e-05,0.156,134.951,199111
Taylor Swift,august,11,7,0.532,0.623,5,-9.208,1,0.0331,0.538,7.28e-05,0.0925,89.937,261923
"Tainy, Bad Bunny, Julieta Venegas",Lo Siento BB:/ (with Bad Bunny & Julieta Venegas),12,25,0.639,0.703,4,-6.33,0,0.0794,0.0889,1.78e-06,0.0865,169.888,207301
"Drake, WizKid, Kyla",One Dance,12,120,0.792,0.625,1,-5.609,1,0.0536,0.00776,0.0018,0.329,103.967,173987
"Gesaffelstein, The Weeknd",Lost in the Fire (feat. The Weeknd),12,21,0.658,0.671,2,-12.21,1,0.0363,0.0933,0.000927,0.115,100.966,202093
Beyoncé,BREAK MY SOUL,12,8,0.693,0.887,1,-5.039,0,0.0795,0.0581,2.71e-06,0.27,114.942,278282
Olivia Rodrigo,happier,12,44,0.395,0.443,6,-9.72,1,0.133,0.765,9.67e-06,0.0839,168.924,175933
Conan Gray,Heather,12,87,0.357,0.425,5,-7.301,1,0.0333,0.584,0.0,0.322,102.078,198040
Travis Scott,goosebumps,13,226,0.841,0.728,7,-3.37,1,0.0484,0.0847,0.0,0.149,130.049,243837
Avicii,Wake Me Up,13,68,0.532,0.783,2,-5.697,1,0.0523,0.0038,0.0012,0.161,124.08,247427
Manuel Turizo,La Bachata,13,6,0.835,0.679,7,-5.329,0,0.0364,0.583,1.98e-06,0.218,124.98,162638
The Weeknd,Gasoline,13,2,0.728,0.741,6,-7.075,0,0.0473,0.000582,0.00206,0.33,123.006,212166
"Shakira, Rauw Alejandro",Te Felicito,13,16,0.695,0.636,5,-4.654,1,0.317,0.234,0.0,0.081,174.14,172235
"Camila Cabello, Ed Sheeran",Bam Bam (feat. Ed Sheeran),13,3,0.756,0.697,8,-6.377,1,0.0401,0.182,0.0,0.333,94.996,206071
Harry Styles,Cinema,13,2,0.829,0.644,9,-7.696,0,0.0427,0.354,0.0511,0.0944,105.993,243508
Tate McRae,you broke me first,13,78,0.667,0.373,4,-9.389,1,0.05,0.785,0.0,0.0906,124.148,169266
OneRepublic,I Ain't Worried,13,10,0.704,0.797,0,-5.927,1,0.0475,0.0826,0.000745,0.0546,139.994,148486
Bad Bunny,Me Fui de Vacaciones,14,14,0.714,0.645,10,-5.493,1,0.0514,0.229,0.00083,0.0942,85.046,180930
"Bad Bunny, Daddy Yankee",La Santa,14,23,0.744,0.868,1,-4.524,1,0.047,0.0326,0.0,0.0822,93.037,206420
"Nio Garcia, J Balvin, Bad Bunny",AM Remix,14,30,0.743,0.655,6,-5.015,0,0.159,0.114,0.0,0.0764,172.031,261335
"Gunna, Future, Young Thug",pushin P (feat. Young Thug),14,11,0.773,0.422,1,-4.572,0,0.187,0.00783,0.00693,0.129,77.502,136267
"Kendrick Lamar, Sampha",Father Time (feat. Sampha),14,2,0.514,0.779,10,-4.365,0,0.344,0.181,0.0,0.099,152.869,222497
Elley Duhé,MIDDLE OF THE NIGHT,14,13,0.41,0.611,4,-8.271,0,0.0467,0.0228,0.0,0.116,185.727,184448
"CKay, Dj Yo!, AX'EL",love nwantiti (feat. Dj Yo! & AX'EL) - Remix,14,27,0.579,0.596,8,-4.823,1,0.0561,0.436,0.0938,0.0549,119.9,188369
Harry Styles,Sign of the Times,14,39,0.516,0.595,5,-4.63,1,0.0313,0.0275,0.0,0.109,119.972,340707
Harry Styles,Satellite,14,2,0.576,0.457,0,-6.473,1,0.0304,0.143,3.05e-05,0.0917,138.984,218577
The Weeknd,How Do I Make You Love Me?,14,2,0.805,0.498,7,-7.927,0,0.0737,0.0203,2.37e-05,0.085,121.006,214215
Bad Bunny,Neverita,15,14,0.876,0.498,10,-7.511,1,0.0478,0.0706,0.0,0.143,122.016,173119
"benny blanco, BTS, Snoop Dogg",Bad Decisions (with BTS & Snoop Dogg),15,1,0.762,0.861,0,-3.296,1,0.0955,0.0185,0.0,0.264,120.048,172714
"Doja Cat, The Weeknd",You Right,15,39,0.828,0.621,8,-6.414,1,0.0565,0.0164,0.00233,0.0845,128.986,186173
Central Cee,Doja,15,3,0.911,0.573,6,-7.43,1,0.288,0.38,0.0,0.403,140.04,97393
Oliver Tree,Life Goes On,15,20,0.7,0.49,0,-5.187,1,0.076,0.186,0.0,0.117,79.982,161803
Harry Styles,Love Of My Life,15,2,0.555,0.536,7,-8.233,1,0.0452,0.669,0.0,0.0623,118.057,191638
"Riton, Nightcrawlers, Mufasa & Hypeman, Dopamine",Friday (feat. Mufasa & Hypeman) - Dopamine Re-Edit,15,48,0.824,0.862,2,-3.424,1,0.126,0.0076,0.000132,0.303,122.98,169153
Harry Styles,Daydreaming,16,2,0.707,0.811,4,-5.298,0,0.0304,0.311,0.0152,0.131,113.971,187342
Nicki Minaj,Super Freaky Girl,16,1,0.95,0.891,2,-2.653,1,0.241,0.0645,1.77e-05,0.309,133.01,170977
Cris Mj,Una Noche en Medellín,16,4,0.87,0.548,10,-5.253,0,0.077,0.0924,4.6e-05,0.0534,96.018,153750
Imagine Dragons,Believer,16,268,0.776,0.78,10,-4.374,0,0.128,0.0622,0.0,0.081,124.949,204347
Kanye West,Praise God,16,19,0.798,0.545,1,-6.466,1,0.168,0.00904,9.48e-05,0.258,118.029,226653
Lauren Spencer Smith,Fingers Crossed,17,11,0.56,0.473,5,-7.23,1,0.0533,0.618,0.0,0.31,109.414,175345
"Bad Bunny, Tony Dize",La Corriente,17,14,0.663,0.786,11,-3.51,0,0.195,0.229,0.0,0.219,196.12,198367
"The Weeknd, Gesaffelstein",I Was Never There,17,10,0.323,0.737,10,-4.008,1,0.0338,0.142,0.000162,0.163,113.26,241067
Kendrick Lamar,Rich Spirit,17,3,0.852,0.421,10,-9.153,0,0.208,0.428,2.28e-06,0.106,95.977,202285
"J Balvin, Bad Bunny",LA CANCIÓN,17,64,0.754,0.646,7,-5.795,1,0.317,0.152,1.85e-05,0.108,176.089,242573
Olivia Rodrigo,"jealousy, jealousy",17,29,0.695,0.575,10,-6.334,0,0.116,0.198,0.0,0.0614,163.929,173160
Drake,Sticky,17,5,0.853,0.495,6,-14.63,1,0.14,0.0917,0.000217,0.0844,137.027,243228
"Megan Thee Stallion, Dua Lipa",Sweetest Pie,17,2,0.814,0.628,7,-7.178,1,0.221,0.167,0.0,0.101,123.977,201334
"Post Malone, Roddy Ricch",Cooped Up (with Roddy Ricch),18,13,0.669,0.773,0,-5.619,1,0.153,0.038,0.0,0.113,93.923,185857
"Daddy Yankee, Bad Bunny",X ÚLTIMA VEZ,18,20,0.812,0.855,7,-3.725,1,0.0554,0.0789,0.000167,0.108,90.04,192477
Drake,Massive,18,8,0.499,0.671,4,-6.774,0,0.0561,0.114,0.0169,0.148,124.994,336924
"Bizarrap, Residente","Residente: Bzrp Music Sessions, Vol. 49",18,3,0.586,0.74,1,-2.997,0,0.404,0.555,0.0,0.11,71.378,519289
The Kid LAROI,Thousand Miles,18,6,0.376,0.657,7,-4.658,1,0.0768,0.0858,0.0,0.0884,80.565,164782
"Lost Frequencies, Calum Scott",Where Are You Now,18,29,0.671,0.636,6,-8.117,0,0.103,0.515,0.000411,0.172,120.966,148197
"Bizarrap, Paulo Londra","Paulo Londra: Bzrp Music Sessions, Vol. 23",19,1,0.456,0.91,0,-2.659,1,0.136,0.256,0.0,0.0921,95.927,258542
Nirvana,Something In The Way,19,3,0.426,0.225,8,-12.422,1,0.0291,0.823,0.367,0.11,104.506,232204
"Mora, Bad Bunny, Sech",Volando - Remix,19,37,0.659,0.688,6,-4.649,1,0.0673,0.207,0.0,0.113,153.979,273474
Harry Styles,Keep Driving,19,2,0.721,0.479,9,-9.669,1,0.226,0.321,0.00156,0.182,164.948,140242
Charlie Puth,Light Switch,19,9,0.69,0.626,6,-5.693,1,0.306,0.105,0.000335,0.0881,184.009,185681
SZA,I Hate U,19,7,0.535,0.388,7,-9.805,0,0.155,0.507,0.0,0.11,106.703,174000
Bad Bunny,Dos Mil 16,19,14,0.817,0.67,1,-6.534,1,0.0506,0.123,1.92e-06,0.128,130.058,208615
Lewis Capaldi,Before You Go,19,122,0.459,0.575,3,-4.858,1,0.0573,0.604,0.0,0.0885,111.881,215107
"Ed Sheeran, Taylor Swift",The Joker And The Queen (feat. Taylor Swift),20,1,0.528,0.309,0,-7.398,1,0.0329,0.924,2.1e-06,0.282,133.83,185422
Bad Bunny,Un Verano Sin Ti,20,4,0.503,0.496,5,-9.123,0,0.0556,0.693,0.0,0.123,187.844,148143
Kendrick Lamar,Worldwide Steppers,20,1,0.514,0.472,8,-11.106,0,0.368,0.753,0.00012,0.0746,77.215,203367
Metallica,Master Of Puppets,20,6,0.543,0.836,4,-9.11,0,0.0353,0.000647,0.431,0.153,105.173,515387
Shawn Mendes,When You're Gone,21,9,0.603,0.691,5,-5.805,1,0.0372,0.0248,0.0,0.583,147.148,172267
"DJ Khaled, Drake, Lil Baby",STAYING ALIVE (feat. Drake & Lil Baby),21,1,0.718,0.461,4,-7.676,0,0.0797,0.068,0.0,0.283,129.953,178176
"Bad Bunny, Buscabulla",Andrea,21,14,0.797,0.616,1,-10.229,0,0.375,0.762,0.000293,0.0979,103.071,339612
"Kendrick Lamar, Kodak Black",Silent Hill,21,3,0.907,0.577,1,-6.737,0,0.0767,0.438,3.19e-05,0.137,140.07,220779
The Walters,I Love You So,21,24,0.575,0.648,10,-4.891,1,0.0358,0.583,0.0,0.115,75.977,160240
"PSY, SUGA",That That (prod. & feat. SUGA of BTS),21,5,0.905,0.962,4,-3.197,1,0.0856,0.0299,0.0,0.0272,129.969,174647
The Weeknd,Take My Breath,22,2,0.698,0.769,8,-7.154,1,0.0368,0.0128,0.00166,0.238,121.02,339023
j-hope,MORE,22,3,0.783,0.722,2,-4.864,1,0.0357,0.00537,0.00209,0.105,97.031,180022
"Kendrick Lamar, Taylour Paige",We Cry Together,22,2,0.648,0.68,11,-7.276,1,0.345,0.292,0.0,0.0808,106.89,341307
Bad Bunny,Aguacero,22,14,0.861,0.645,6,-6.96,0,0.0743,0.423,0.000592,0.349,121.391,210989
Harry Styles,Boyfriends,22,2,0.417,0.202,0,-10.976,1,0.0357,0.935,0.0,0.108,118.029,194544
Doja Cat,Ain't Shit,22,21,0.855,0.488,3,-4.601,1,0.208,0.506,0.0,0.347,124.097,174253
BoyWithUke,Toxic,23,23,0.594,0.612,8,-6.627,0,0.363,0.835,0.0,0.461,179.629,168020
The Weeknd,Less Than Zero,23,2,0.535,0.791,0,-5.55,1,0.0327,0.00096,0.000155,0.0788,142.981,211814
Duncan Laurence,Arcade,23,52,0.453,0.35,9,-11.639,0,0.0425,0.827,0.00122,0.144,72.017,185147
Jessica Darrow,"Surface Pressure - From ""Encanto""/Soundtrack Version",23,12,0.652,0.583,2,-8.302,1,0.322,0.0165,1.65e-06,0.042,180.042,202227
"Tiësto, Ava Max",The Motto,23,20,0.754,0.763,7,-4.627,0,0.0435,0.0301,2.23e-05,0.0901,117.953,164819
"Amaarae, Kali Uchis, Moliy",SAD GIRLZ LUV MONEY Remix (feat. Kali Uchis and Moliy),23,12,0.87,0.523,1,-8.052,0,0.0602,0.433,2.07e-05,0.113,110.02,204764
Beyoncé,ALIEN SUPERSTAR,24,2,0.545,0.641,10,-6.398,0,0.0998,0.00453,6.59e-05,0.171,121.892,215460
"Bad Bunny, The Marías",Otro Atardecer,24,14,0.777,0.595,2,-6.79,1,0.0375,0.59,0.00139,0.0669,108.02,244444
"THE ANXIETY, WILLOW, Tyler Cole",Meet Me At Our Spot,24,29,0.773,0.47,2,-7.93,1,0.0299,0.0153,0.000193,0.0851,94.995,162680
"Kanye West, XXXTENTACION",True Love,24,1,0.712,0.861,5,-5.487,0,0.25,0.0182,6.09e-06,0.511,84.042,148571
"Billie Eilish, Khalid",lovely (with Khalid),24,205,0.351,0.296,4,-10.109,0,0.0333,0.934,0.0,0.095,115.284,200186
Kendrick Lamar,Count Me Out,24,2,0.776,0.431,4,-7.544,0,0.091,0.671,0.0,0.153,133.999,283642
Duki,GIVENCHY,25,3,0.607,0.619,8,-6.726,1,0.396,0.142,0.0,0.231,102.974,182611
"The Weeknd, Tyler, The Creator","Here We Go… Again (feat. Tyler, the Creator)",25,2,0.469,0.623,1,-4.432,1,0.0302,0.345,0.0,0.588,134.943,209778
Bad Bunny,Un Coco,25,14,0.839,0.69,11,-4.464,1,0.0615,0.207,8.33e-06,0.176,151.991,196413
Drake,Texts Go Green,25,1,0.765,0.627,0,-4.607,1,0.0622,0.000916,0.195,0.0847,118.997,308820
The Weeknd,Best Friends,26,2,0.737,0.564,4,-7.045,0,0.105,0.436,0.0,0.351,90.0,163504
Jessica Darrow,Surface Pressure,26,3,0.65,0.584,2,-8.286,1,0.307,0.0174,1.54e-06,0.042,180.088,202227
Doja Cat,Vegas (From the Original Motion Picture Soundtrack ELVIS),26,10,0.801,0.601,8,-7.574,0,0.255,0.0777,3.23e-05,0.145,159.969,182907
"Calvin Harris, Dua Lipa, Young Thug",Potion (with Dua Lipa & Young Thug),26,10,0.824,0.697,11,-4.869,0,0.0473,0.158,4.11e-05,0.0751,99.987,215216
Rosa Linn,SNAP,26,5,0.565,0.636,0,-8.198,1,0.0638,0.107,9.9e-06,0.447,170.01,179551
"Kendrick Lamar, Summer Walker, Ghostface Killah",Purple Hearts,27,1,0.567,0.824,3,-6.973,0,0.296,0.167,2.65e-06,0.149,138.202,329295
Bad Bunny,Enséñame a Bailar,27,4,0.81,0.789,8,-5.08,1,0.0846,0.191,1.08e-05,0.467,105.009,176000
Billie Eilish,TV,27,3,0.412,0.236,4,-15.159,0,0.0379,0.83,0.00653,0.147,140.214,281381
Juice WRLD,Cigarettes,27,1,0.597,0.615,2,-6.346,1,0.0421,0.0303,0.0,0.378,160.014,227527
The Weeknd,Dawn FM,27,1,0.28,0.478,9,-8.755,0,0.037,0.674,5.85e-05,0.483,111.65,96240
Bad Bunny,El Apagón,28,4,0.629,0.698,8,-4.485,1,0.308,0.0509,0.00166,0.0909,117.765,201816
"The Weeknd, Lil Wayne",I Heard You’re Married (feat. Lil Wayne),28,1,0.736,0.848,9,-5.494,0,0.171,0.103,0.0,0.299,109.946,263642
Drake,A Keeper,28,1,0.6,0.482,1,-11.596,1,0.0701,0.512,0.000104,0.115,121.909,173097
"Nicky Youre, dazy",Sunroof,28,14,0.768,0.714,10,-5.11,1,0.0401,0.352,0.0,0.15,131.443,163026
Taylor Swift,Wildest Dreams (Taylor's Version),29,11,0.583,0.67,8,-7.289,1,0.0646,0.0374,0.0001,0.126,140.061,220433
"Dr. Dre, Snoop Dogg",Still D.R.E.,29,6,0.816,0.775,11,-3.323,1,0.234,0.16,0.00031,0.0543,93.431,270587
"Kendrick Lamar, Baby Keem, Sam Dew",Savior,29,2,0.605,0.692,8,-7.45,1,0.446,0.495,0.0,0.303,124.84,224466
"Labrinth, Zendaya",I’m Tired (with Zendaya) - Bonus Track,29,4,0.375,0.133,0,-10.624,0,0.0352,0.651,0.0,0.0695,131.721,187944
"Justin Bieber, Don Toliver",Honest (feat. Don Toliver),29,4,0.81,0.655,8,-6.779,0,0.0698,0.127,8.16e-05,0.105,150.002,193322
The Neighbourhood,Sweater Weather,29,82,0.612,0.807,10,-2.81,1,0.0336,0.0495,0.0177,0.101,124.053,240400
Harry Styles,Falling,29,81,0.567,0.267,4,-6.502,1,0.0299,0.839,1.46e-06,0.089,110.011,240133
Beyoncé,CUFF IT,30,2,0.78,0.689,7,-5.668,1,0.141,0.0368,9.69e-06,0.0698,115.042,225389
Drake,Calling My Name,30,1,0.826,0.276,11,-11.227,0,0.266,0.62,8.53e-05,0.118,123.985,129965
"Baby Keem, Kendrick Lamar",family ties (with Kendrick Lamar),30,20,0.711,0.611,1,-5.453,1,0.33,0.00588,0.0,0.23,134.093,252262
Bad Bunny,Agosto,30,4,0.849,0.584,1,-8.195,0,0.115,0.0929,6.18e-06,0.492,115.018,139041
Stephen Sanchez,Until I Found You,30,14,0.539,0.508,10,-6.05,1,0.0288,0.727,0.0,0.174,101.358,177720
BTS,For Youth,30,1,0.633,0.511,2,-5.665,1,0.0368,0.434,0.0,0.248,116.855,264481
